iters,density_error,divergence_error
1,1304.851318,418.425354
2,178.012680,854.307617
3,179.698502,864.209839
4,182.606720,873.015930
5,184.685257,877.952637
6,186.210693,882.561523
8,188.707809,887.462769
10,190.171783,888.753784
12,191.495193,890.625000
16,192.741180,890.544250
20,193.780823,891.224426
