iters,density_error,divergence_error
1,1303.607422,420.369629
2,180.247879,848.562622
3,182.592834,857.426941
4,185.908371,868.404602
5,188.184052,872.804016
6,189.645462,875.140137
8,191.591812,879.885071
10,193.451553,882.203491
12,194.467606,881.698120
16,195.879929,883.198547
20,196.678467,884.688110
