iters,density_error,divergence_error
1,1305.994263,418.362244
2,181.342133,848.783325
3,185.045349,857.805969
4,188.788132,867.950684
5,191.717926,871.988281
6,193.816406,875.361023
8,196.434509,878.383118
10,198.555115,881.257446
12,199.979568,882.626282
16,201.615112,883.413757
20,202.521942,883.783325
